"Id","ProcessName","Description"
"1048","svchost",
"1076","svchost","Processus h?te pour les services Windows"
"1180","svchost",
"1232","svchost",
"1412","svchost",
"1428","svchost",
"1552","svchost",
"1568","svchost",
"1604","svchost",
"1620","svchost",
"1628","svchost",
"1640","svchost",
"1808","svchost","Processus h?te pour les services Windows"
"1820","svchost",
"1876","svchost",
"1908","svchost",
"1920","svchost",
"2004","svchost","Processus h?te pour les services Windows"
"2092","svchost",
"2380","svchost",
"2404","svchost",
"2464","svchost",
"2504","svchost",
"2512","svchost",
"2520","svchost",
"2540","svchost",
"2596","svchost",
"2752","svchost",
"2760","svchost",
"2888","svchost",
"2916","svchost",
"2996","svchost",
"3004","svchost",
"3116","svchost",
"3284","svchost",
"3324","svchost",
"3356","svchost",
"3424","svchost",
"3432","svchost",
"3440","svchost",
"3504","svchost",
"3520","svchost",
"3820","svchost",
"3940","svchost",
"3956","svchost",
"3964","svchost",
"3980","svchost",
"4064","svchost",
"4140","svchost",
"4152","svchost",
"4164","svchost",
"4656","svchost",
"4940","svchost",
"5088","svchost",
"5312","svchost",
"5692","svchost",
"5892","svchost",
"6012","svchost",
"6628","svchost",
"6880","svchost",
"6884","svchost",
"7860","svchost",
"7948","svchost",
"8032","svchost","Processus h?te pour les services Windows"
"8240","svchost",
"8432","svchost","Processus h?te pour les services Windows"
"9272","svchost",
"9364","svchost",
"9912","svchost",
"10224","svchost","Processus h?te pour les services Windows"
"10272","svchost",
"10464","svchost",
"10848","svchost",
"12940","svchost","Processus h?te pour les services Windows"
"14108","svchost",
"14240","svchost","Processus h?te pour les services Windows"
"14408","svchost",
"14720","svchost",
"16100","svchost",
"16920","svchost",
